{
  "timestamp": 1756841956,
  "seed": 42,
  "row_count": 20000,
  "winsor_pct": 0.005,
  "regression": {
    "val": {
      "mae": 101.01102900897823,
      "rmse": 313.941998904666,
      "mape_masked": 1.1349328497392817,
      "smape": 1.318347806241676
    },
    "test": {
      "mae": 104.6845567024473,
      "rmse": 371.1830183384383,
      "mape_masked": 1.2082370081955616,
      "smape": 1.658674002764712
    },
    "feature_count": 13
  },
  "kmeans": {
    "k": 3,
    "cluster_order_by_pred_savings": [
      0,
      2,
      1
    ],
    "centers_sample": [
      [
        -0.48766040812995387,
        -0.46087816993233277,
        -0.461346123956075,
        -0.48114782561957836,
        -0.480704351568812,
        -0.4678036127598057
      ],
      [
        3.175355986372942,
        3.0807465568757695,
        3.0797303980991724,
        3.142286067587136,
        3.13394127490002,
        3.004826576132158
      ],
      [
        0.7379189067310832,
        0.6818707949129603,
        0.6833694094360973,
        0.7262477886376142,
        0.726638447132152,
        0.7158941814116726
      ]
    ],
    "inertia": 29302.688751353628
  },
  "goal": {
    "status": "skipped"
  },
  "artifacts": {
    "savings_xgb_reg.pkl": "8e74b578a813",
    "savings_xgb_reg_columns.pkl": "4e1857912edd",
    "scaler_05B.pkl": "9a232d383402",
    "kmeans_05B.pkl": "ab691bd95478"
  }
}